Workbook

Sheet Start Here
B2: Shorts Autopilot: setup checklist
B3: Everything you need to create, in order. Work through sheets 1 → 2 → 3. Sheet 4 builds your callback URLs for you.
B5: HOW TO USE
B6: Your app URL (after first deploy): | D6: e.g. https://shorts-xyz.vercel.app (no slash at the end)
B8: Yellow cells | C8: The ONLY cells you edit: Status dropdowns + your app URL above.
B9: Red priority | C9: Required: the app won't run without these.
B10: Blue priority | C10: Platforms: add the ones you want to post to (YouTube + Instagram first).
B11: Grey priority | C11: Optional: better B-roll, more backup AI, free GPU.
B12: SECURITY | C12: Do NOT type your actual keys/passwords into this file. Put them straight into Vercel / GitHub / the app. Use a password manager to keep copies.
B14: PROGRESS
B15: Checklist | C15: Items | D15: Done | E15: % done
B16: Required keys (sheet 1) | C16: =COUNTIF('1 Keys & Accounts'!$B$2:$B$32,"1 Required") -> 14 | D16: =COUNTIFS('1 Keys & Accounts'!$B$2:$B$32,"1 Required",'1 Keys & Accounts'!$J$2:$J$32,"Done") -> 1 | E16: =IF(C16=0,0,D16/C16) -> 0.071428571
B17: Platform keys (sheet 1) | C17: =COUNTIFS('1 Keys & Accounts'!$B$2:$B$32,"2 Platform",'1 Keys & Accounts'!$J$2:$J$32,"<>Skipped") -> 9 | D17: =COUNTIFS('1 Keys & Accounts'!$B$2:$B$32,"2 Platform",'1 Keys & Accounts'!$J$2:$J$32,"Done") -> 0 | E17: =IF(C17=0,0,D17/C17) -> 0
B18: Optional keys (sheet 1) | C18: =COUNTIFS('1 Keys & Accounts'!$B$2:$B$32,"3 Optional",'1 Keys & Accounts'!$J$2:$J$32,"<>Skipped") -> 6 | D18: =COUNTIFS('1 Keys & Accounts'!$B$2:$B$32,"3 Optional",'1 Keys & Accounts'!$J$2:$J$32,"Done") -> 0 | E18: =IF(C18=0,0,D18/C18) -> 0
B19: Deploy steps (sheet 2) | C19: =COUNTA('2 Deploy Steps'!$A$2:$A$13) -> 12 | D19: =COUNTIF('2 Deploy Steps'!$E$2:$E$13,"Done") -> 0 | E19: =IF(C19=0,0,D19/C19) -> 0
B20: After-deploy steps (sheet 3) | C20: =COUNTA('3 After Deploy'!$A$2:$A$13) -> 12 | D20: =COUNTIF('3 After Deploy'!$E$2:$E$13,"Done") -> 0 | E20: =IF(C20=0,0,D20/C20) -> 0
B21: TOTAL | C21: =SUM(C16:C20) -> 53 | D21: =SUM(D16:D20) -> 1 | E21: =IF(C21=0,0,D21/C21) -> 0.018867925
B22: Items marked 'Skipped' are not counted. Done = the status cell says Done.
B24: MINIMUM TO GO LIVE ON YOUTUBE | C24: Sheet 1 rows 1-16 + Sheet 2 all steps + Sheet 3 steps 1, 4-10. Add other platforms after the first video works.
B25: HONEST LIMITS | C25: • YouTube: private-only + ~6 uploads/day until the API audit passes. • Free cloud worker (CPU) is slow: realistically 2-4 natural shorts/day. Hourly needs your own NVIDIA GPU (Studio .exe) or Kaggle quota. • Vercel Hobby = non-commercial. Upgrade to Pro once you earn. • X posting costs money; LinkedIn needs a reconnect every ~60 days.

Sheet 1 Keys & Accounts
A1: # | B1: Priority | C1: Service | D1: Variable name(s) | E1: Cost | F1: Where you put it | G1: Link | H1: How to get it (step by step) | I1: Honest catch | J1: Status | K1: Notes
A2: 1 | B2: 1 Required | C2: GitHub account + repo | D2: — | E2: Free | F2: — | G2: https://github.com/kashyapphassan2000-netizen/SOCIAL-MEDIA-AUTOMATION- | H2: Already done. The code lives here. | I2: — | J2: Done
A3: 2 | B3: 1 Required | C3: Vercel account | D3: — | E3: Free (Hobby) | F3: — | G3: https://vercel.com/signup | H3: 1. Open the link. 2. Choose 'Hobby'. 3. Click 'Continue with GitHub' and use the SAME GitHub account as the repo. 4. When asked, allow the Vercel GitHub app access to this repo. | I3: Hobby plan is for non-commercial use only. Once the channel earns money, Vercel requires Pro ($20/month). | J3: Not started
A4: 3 | B4: 1 Required | C4: Secret 1: app secret | D4: APP_SECRET | E4: Free | F4: Vercel → Project → Settings → Environment Variables | H4: Generate a random 64-character string. Either: • Git Bash (comes with Git for Windows): openssl rand -hex 32 • or Python: python -c "import secrets;print(secrets.token_hex(32))" Copy the output. | I4: Never reuse it anywhere else. Changing it later logs everyone out and breaks saved platform logins (you'd reconnect). | J4: Not started
A5: 4 | B5: 1 Required | C5: Secret 2: cron secret | D5: CRON_SECRET | E5: Free | F5: Vercel → Project → Settings → Environment Variables AND GitHub repo → Settings → Secrets and variables → Actions | H5: Generate a NEW random string the same way as row 3. Put the SAME value in Vercel and in GitHub secrets. | I5: If the two values differ, the hourly trigger gets rejected and nothing runs. | J5: Not started
A6: 5 | B6: 1 Required | C6: Secret 3: worker secret | D6: WORKER_SECRET | E6: Free | F6: Vercel → Project → Settings → Environment Variables AND GitHub repo → Settings → Secrets and variables → Actions | H6: Generate a NEW random string the same way as row 3. Put the SAME value in Vercel and in GitHub secrets. | I6: If the values differ, the free voice/video worker can't fetch jobs. | J6: Not started
A7: 6 | B7: 1 Required | C7: Your owner login | D7: OWNER_EMAIL OWNER_PASSWORD OWNER_NAME | E7: Free | F7: Vercel → Project → Settings → Environment Variables | H7: OWNER_EMAIL = the email you'll log in with. OWNER_PASSWORD = 12+ characters, unique. OWNER_NAME = your name as shown in the app. | I7: This is the master login. Anyone with it can post as you. | J7: Not started
A8: 7 | B8: 1 Required | C8: App URL | D8: APP_URL | E8: Free | F8: Vercel → Project → Settings → Environment Variables AND GitHub repo → Settings → Secrets and variables → Actions | H8: Only AFTER the first deploy (sheet 2, step 5): 1. Vercel → your project → Domains: copy the URL, e.g. https://shorts-xyz.vercel.app 2. No slash at the end. 3. Add as APP_URL in Vercel AND as a GitHub secret. 4. Paste it into the yellow cell on 'Start Here' too. | I8: OAuth logins fail if this doesn't exactly match the real URL. | J8: Not started
A9: 8 | B9: 1 Required | C9: Upstash Redis (database) | D9: KV_REST_API_URL KV_REST_API_TOKEN | E9: Free tier | F9: Auto-added by Vercel | G9: https://vercel.com/marketplace/upstash | H9: After importing the project: 1. Vercel → your project → Storage tab. 2. Create Database → 'Upstash for Redis'. 3. Pick the Free plan and the region nearest you (e.g. Mumbai). 4. Click 'Connect to project' and tick all environments. 5. The 2 variables appear by themselves. Redeploy. | I9: The free tier has a monthly request cap. Check usage on the Upstash dashboard after week 1. | J9: Not started
A10: 9 | B10: 1 Required | C10: Vercel Blob (temp video storage) | D10: BLOB_READ_WRITE_TOKEN | E10: Free tier | F10: Auto-added by Vercel | G10: https://vercel.com/docs/vercel-blob | H10: 1. Vercel → your project → Storage → Create → Blob. 2. Name it 'shorts-media'. If asked about access, choose Public. 3. Connect it to the project. The token is added by itself. Redeploy. | I10: Public means anyone with the exact file link can open a file. Links are random and the app deletes media after upload. | J10: Not started
A11: 10 | B11: 1 Required | C11: Gemini (writes scripts) | D11: GEMINI_API_KEY | E11: Free | F11: Vercel → Project → Settings → Environment Variables | G11: https://aistudio.google.com/apikey | H11: 1. Sign in with Google. 2. Click 'Create API key'. 3. Copy the key. | I11: The free tier has rate limits, and Google may use free-tier prompts to improve its products. Fine for news scripts. | J11: Not started
A12: 11 | B12: 1 Required | C12: Groq (backup AI) | D12: GROQ_API_KEY | E12: Free | F12: Vercel → Project → Settings → Environment Variables | G12: https://console.groq.com/keys | H12: 1. Sign up (no card needed). 2. API Keys → Create API Key. 3. Copy it (it's shown only once). | I12: Rate-limited, but a video needs only about 2 AI calls. | J12: Not started
A13: 12 | B13: 1 Required | C13: GitHub token (starts the free worker) | D13: GH_DISPATCH_TOKEN | E13: Free | F13: Vercel → Project → Settings → Environment Variables | G13: https://github.com/settings/personal-access-tokens/new | H13: 1. Open the link (Fine-grained token). 2. Name: shorts-worker. Expiration: 1 year. 3. Repository access → Only select repositories → kashyapphassan2000-netizen/SOCIAL-MEDIA-AUTOMATION-. 4. Permissions → Repository → Actions: 'Read and write'. 5. Generate token and copy it. | I13: It expires. Put a calendar reminder 1 week before, or the free voice/video worker stops starting. | J13: Not started
A14: 13 | B14: 1 Required | C14: Repo name | D14: GITHUB_REPO | E14: Free | F14: Vercel → Project → Settings → Environment Variables | H14: Value to paste exactly: kashyapphassan2000-netizen/SOCIAL-MEDIA-AUTOMATION- | I14: — | J14: Not started
A15: 14 | B15: 1 Required | C15: GitHub Actions secrets | D15: APP_URL CRON_SECRET WORKER_SECRET | E15: Free | F15: GitHub repo → Settings → Secrets and variables → Actions | G15: https://github.com/kashyapphassan2000-netizen/SOCIAL-MEDIA-AUTOMATION-/settings/secrets/actions | H15: 1. Open the link. 2. Click 'New repository secret' 3 times, once per name. 3. Use the SAME values as in Vercel (rows 4, 5, 7). | I15: Without these, the hourly heartbeat and the free worker can't talk to your app. | J15: Not started
A16: 15 | B16: 2 Platform | C16: YouTube + Google Sheet log | D16: GOOGLE_CLIENT_ID GOOGLE_CLIENT_SECRET | E16: Free | F16: Vercel → Project → Settings → Environment Variables | G16: https://console.cloud.google.com/ | H16: 1. Top bar → New project → name: shorts-autopilot. 2. APIs & Services → Library → enable 'YouTube Data API v3' AND 'Google Sheets API'. 3. Google Auth Platform (OAuth consent screen) → Get started → External → app name + your email. 4. Audience → add your Gmail as a test user. 5. Clients → Create client → 'Web application' → Authorized redirect URI = the google URL from sheet 4. 6. Copy the Client ID and Client secret. 7. Audience → 'Publish app' (In production). Do this, or the login dies every 7 days. | I16: • Unaudited API projects: every upload is forced PRIVATE. Fix: submit the free 'YouTube API Services audit' form (Google → 'YouTube API audit form'). It takes weeks. • Default quota is 10,000 units/day; one upload costs ~1,600, so about 6 YouTube uploads/day. Request more quota in the same form. • You'll see 'Google hasn't verified this app'. Click Advanced → Continue (it's your own app). | J16: Not started
A17: 16 | B17: 2 Platform | C17: Google Sheet for logs | D17: GOOGLE_SHEET_ID | E17: Free | F17: Vercel → Project → Settings → Environment Variables (or app → Settings) | G17: https://sheets.new | H17: 1. Open sheets.new with the SAME Google account you'll connect for YouTube. 2. Name it 'Shorts Autopilot Log'. 3. Copy the ID from the URL: docs.google.com/spreadsheets/d/<THIS PART>/edit 4. Paste it into Vercel or the app's Settings. | I17: The sheet must belong to the Google account you connect, or writes fail. | J17: Not started
A18: 17 | B18: 2 Platform | C18: Instagram Reels | D18: INSTAGRAM_APP_ID INSTAGRAM_APP_SECRET | E18: Free | F18: Vercel → Project → Settings → Environment Variables | G18: https://developers.facebook.com/apps | H18: 1. In the Instagram app: Settings → Account type → switch to Professional (Creator). 2. developers.facebook.com → Create app → use case 'Manage messaging & content on Instagram'. 3. Instagram → 'API setup with Instagram login': copy the INSTAGRAM app ID + INSTAGRAM app secret (NOT the Meta app ID). 4. Business login settings → OAuth redirect URIs → add the instagram URL from sheet 4. 5. App roles → Roles → add your IG account as Instagram Tester, then accept the invite in Instagram (Settings → Apps and websites → Tester invites). | I18: Keep the app in Development mode: it only works for your own accounts, which is all you need. Limit is 50 posts per 24 h. | J18: Not started
A19: 18 | B19: 2 Platform | C19: Facebook Page Reels | D19: META_APP_ID META_APP_SECRET | E19: Free | F19: Vercel → Project → Settings → Environment Variables | G19: https://developers.facebook.com/apps | H19: 1. Create a Facebook PAGE for your brand (a personal profile can't post via API). 2. Same portal → Create app (or add a use case to the same app) → 'Manage everything on your Page'. 3. Facebook Login for Business → Settings → Valid OAuth Redirect URIs → add the facebook URL from sheet 4. 4. App settings → Basic → copy App ID + App Secret. | I19: Development mode works for Pages you admin. Reels monetization requires meeting Facebook's eligibility thresholds. | J19: Not started
A20: 19 | B20: 2 Platform | C20: Threads | D20: THREADS_APP_ID THREADS_APP_SECRET | E20: Free | F20: Vercel → Project → Settings → Environment Variables | G20: https://developers.facebook.com/apps | H20: 1. Create app → use case 'Access the Threads API'. 2. Use cases → Customize → Settings: add the threads URL from sheet 4 as the redirect callback. Put your app URL in the Uninstall and Delete callback fields. 3. App roles → add yourself as Threads Tester and accept in the Threads app (Settings → Account → Website permissions). 4. Copy the THREADS App ID + THREADS App secret from the same Settings page. | I20: Threads pays creators nothing in India. Use it only for reach. | J20: Not started
A21: 20 | B21: 2 Platform | C21: LinkedIn | D21: LINKEDIN_CLIENT_ID LINKEDIN_CLIENT_SECRET | E21: Free | F21: Vercel → Project → Settings → Environment Variables | G21: https://www.linkedin.com/developers/apps | H21: 1. Create a LinkedIn Company Page for your brand (an app must be linked to one). 2. Create app → choose that page → upload a logo. 3. Products tab → request 'Sign In with LinkedIn using OpenID Connect' AND 'Share on LinkedIn' (both instant). 4. Auth tab → Authorized redirect URLs → add the linkedin URL from sheet 4. 5. Copy the Client ID + Primary Client Secret. | I21: Self-serve apps get 60-day tokens with no refresh. You must click Reconnect about every 60 days. | J21: Not started
A22: 21 | B22: 2 Platform | C22: Telegram channel | D22: TELEGRAM_BOT_TOKEN TELEGRAM_CHAT_ID | E22: Free | F22: App → Connections page (or Vercel env) | G22: https://t.me/BotFather | H22: 1. In Telegram, open @BotFather → /newbot → give it a name → copy the token. 2. Create a PUBLIC channel, e.g. @yourbrand. 3. Channel → Administrators → Add admin → your bot → allow 'Post messages'. 4. In the app's Connections page, enter the token + chat ID = @yourchannel. | I22: Free, with no app review. Telegram ad revenue sharing needs 1,000+ subscribers. | J22: Not started
A23: 22 | B23: 2 Platform | C23: Bluesky | D23: BLUESKY_HANDLE BLUESKY_APP_PASSWORD | E23: Free | F23: App → Connections page (or Vercel env) | G23: https://bsky.app/settings/app-passwords | H23: 1. Create an account at bsky.app. 2. Settings → Privacy and security → App passwords → Add → name it 'shorts'. 3. In the app's Connections page, enter your handle (name.bsky.social) + that app password. | I23: Free, with no review. No monetization; reach only. | J23: Not started
A24: 23 | B24: 2 Platform | C24: Pinterest | D24: PINTEREST_APP_ID PINTEREST_APP_SECRET | E24: Free | F24: Vercel → Project → Settings → Environment Variables | G24: https://developers.pinterest.com/apps/ | H24: 1. Convert your Pinterest account to a Business account. 2. Create at least 1 board (e.g. 'AI News'). 3. Developers portal → Connect app → fill in the form → wait for Trial access approval. 4. Add the pinterest URL from sheet 4 as the redirect URI. 5. Copy the App ID + App secret. 6. Apply for Standard access (they ask for a short screen recording of the app). | I24: Trial access is restricted. Real publishing needs Standard access approval. | J24: Not started
A25: 24 | B25: 2 Platform | C25: X (Twitter) | D25: X_CLIENT_ID X_CLIENT_SECRET | E25: PAID | F25: Vercel → Project → Settings → Environment Variables | G25: https://developer.x.com/ | H25: 1. developer.x.com → Developer portal → create a project + app. 2. User authentication settings → OAuth 2.0 → Type 'Web App', permissions 'Read and write'. 3. Callback URL = the x URL from sheet 4. Website URL = your app URL. 4. Keys and tokens → copy the OAuth 2.0 Client ID + Client Secret. | I25: Posting video through the X API needs a PAID tier. Skip this until you decide to pay; everything else works without it. | J25: Skipped
A26: 25 | B26: 3 Optional | C26: Pexels (real stock B-roll) | D26: PEXELS_API_KEY | E26: Free | F26: Vercel → Project → Settings → Environment Variables | G26: https://www.pexels.com/api/ | H26: 1. Sign up. 2. Click 'Your API Key' and fill in a one-line description. 3. Copy the key. | I26: Without it, B-roll falls back to AI images (weaker). | J26: Not started
... A31: 30 | B31: 3 Optional | C31: Kaggle (free GPU for lip-sync) | D31: KAGGLE_USERNAME KAGGLE_KEY | E31: Free | F31: GitHub repo → Settings → Secrets and variables → Actions | G31: https://www.kaggle.com/settings | H31: 1. Sign up → Settings → Phone verification (required for GPU). 2. Settings → API → 'Create New Token' downloads kaggle.json. 3. Open it: copy 'username' and 'key' into 2 GitHub secrets. | I31: About 30 GPU hours per week. Faster and more natural than the CPU worker, but still a quota. | J31: Not started
A32: 31 | B32: 3 Optional | C32: Trend region | D32: TRENDS_GEO | E32: Free | F32: Vercel → Project → Settings → Environment Variables | H32: Default is IN (India). Set this only for another region, e.g. US. | I32: — | J32: Skipped

Sheet 2 Deploy Steps
A1: Step | B1: Where | C1: What to do | D1: Needs rows (sheet 1) | E1: Status
A2: 1 | B2: Your PC | C2: Generate the 3 random secrets (APP_SECRET, CRON_SECRET, WORKER_SECRET). Keep them in a password manager, NOT in this file. | D2: 3, 4, 5 | E2: Not started
A3: 2 | B3: Browser | C3: Get the Gemini + Groq keys and create the GitHub token. | D3: 10, 11, 12 | E3: Not started
A4: 3 | B4: Vercel | C4: Open the import link: https://vercel.com/new/import?s=https://github.com/kashyapphassan2000-netizen/SOCIAL-MEDIA-AUTOMATION- Click Import. Framework is auto-detected (Next.js). Before clicking Deploy, open 'Environment Variables' and add: APP_SECRET, CRON_SECRET, WORKER_SECRET, OWNER_EMAIL, OWNER_PASSWORD, OWNER_NAME, GEMINI_API_KEY, GROQ_API_KEY, GH_DISPATCH_TOKEN, GITHUB_REPO. Then click Deploy. | D4: 2-6, 10-13 | E4: Not started
A5: 4 | B5: Vercel → Storage | C5: Add Upstash Redis + Blob and connect both to the project. The first deploy may show errors until this is done; that's expected. | D5: 8, 9 | E5: Not started
A6: 5 | B6: Vercel → Settings | C6: Copy the production URL → add the APP_URL variable → Deployments tab → ⋯ on the latest → Redeploy. | D6: 7 | E6: Not started
A7: 6 | B7: This file | C7: Paste the URL into the yellow cell on 'Start Here'. Sheet 4 then shows every exact callback URL to paste into the platform consoles. | D7: 7 | E7: Not started
A8: 7 | B8: GitHub | C8: Add the repo secrets APP_URL, CRON_SECRET, WORKER_SECRET (+ KAGGLE_USERNAME / KAGGLE_KEY if you use Kaggle). | D8: 14, 30 | E8: Not started
A9: 8 | B9: GitHub → Actions tab | C9: If you see 'Workflows aren't being run', click Enable. Then open 'autopilot-heartbeat' → Run workflow once → it should go green. | D9: 14 | E9: Not started
A10: 9 | B10: Your app | C10: Open APP_URL → log in with OWNER_EMAIL / OWNER_PASSWORD → Health tab. Every red line tells you exactly what's missing; fix those first. | D10: — | E10: Not started
A11: 10 | B11: Platform consoles | C11: Create the platform apps (sheet 1, rows 15-24) using the callback URLs from sheet 4. Add their variables in Vercel → Redeploy. | D11: 15-24 | E11: Not started
A12: 11 | B12: Phone | C12: Open APP_URL in Chrome → ⋮ menu → 'Add to Home screen'. It installs like an app (PWA). | D12: — | E12: Not started
A13: 12 | B13: Windows PC (optional) | C13: With an NVIDIA GPU: download ShortsAutopilotStudio-Setup from https://github.com/kashyapphassan2000-netizen/SOCIAL-MEDIA-AUTOMATION-/actions/workflows/studio.yml → latest green run → Artifacts. Install it, enter APP_URL + WORKER_SECRET, and start the worker. This is the ONLY truly unlimited free path for natural lip-sync. | D13: 5, 7 | E13: Not started

Sheet 3 After Deploy
A1: Step | B1: Where in the app | C1: What to do | D1: Why it matters | E1: Status
A2: 1 | B2: Connections | C2: Click Connect for YouTube (Google). On 'Google hasn't verified this app' click Advanced → Continue. This also enables Sheets logging. | D2: Only you can log in. Passwords and 2FA can't be automated, by design. | E2: Not started
A3: 2 | B3: Connections | C3: Connect Instagram, Facebook, Threads, LinkedIn, Pinterest (and X if you pay). | D3: Each platform only accepts posts from a logged-in account. | E3: Not started
A4: 3 | B4: Connections | C4: Paste Telegram (bot token + @channel) and Bluesky (handle + app password). | D4: These use tokens, not OAuth login. | E4: Not started
A5: 4 | B5: Studio | C5: Upload 1 photo: front-facing, good daylight, shoulders up, vertical, sharp. | D5: Thumbnail + fallback avatar. | E5: Not started
A6: 5 | B6: Studio | C6: Upload a 30-60 s voice clip: quiet room, phone close to your mouth, normal speaking speed, no music, no echo. | D6: The voice clone copies the noise too. Bad input = robotic voice. | E6: Not started
A7: 6 | B7: Studio → Performance clips | C7: Upload 3-5 vertical clips of 10-20 s each: you talking to the camera, hands visible, DIFFERENT shirts and backgrounds, natural gestures. | D7: MOST IMPORTANT STEP. The app lip-syncs your new voice onto these real clips. That's what makes it look human. A single photo will look like AI. | E7: Not started
A8: 7 | B8: Settings → Brand engine | C8: Fill in: Brand name · Brand promise (e.g. 'AI news for Indian engineers in 30 seconds') · Spoken signature (your fixed last line) · Brand hashtag · turn on B-roll, punch-ins, SFX, first comment. | D8: Same promise + same sign-off every day = people remember you. This is the brand. | E8: Not started
A9: 8 | B9: Schedules → New | C9: Name 'AI News', topic 'AI news', series name (e.g. 'AI in 30'), every 2-4 hours to start, length 32 s, all connected platforms, Publish mode = PRIVATE for the first runs. | D9: Private mode lets you check quality before anything goes public. | E9: Not started
A10: 9 | B10: Overview | C10: Click 'Run now' → watch the job stages → open the finished video on YouTube (private). Check: voice sounds like you? lips in sync? captions readable? | D10: Never go live on a pipeline you haven't watched end to end. | E10: Not started
A11: 10 | B11: Schedules | C11: Happy with 3 test videos → switch Publish mode to LIVE. | D11: From here it runs hands-free. | E11: Not started
A12: 11 | B12: Google (YouTube) | C12: Submit the YouTube API audit form, and request a quota increase in it. | D12: Until approved, YouTube uploads stay private and you're capped at about 6 uploads/day. | E12: Not started
A13: 12 | B13: Google Sheet | C13: After 3+ days: read the 'Performance' tab. After 6+ measured posts, the app starts favouring your best hook styles by itself. | D13: The algorithm can't be forced. Retention + consistency + learning from your own numbers is the lever. | E13: Not started

Sheet 4 Callback URLs
A1: Platform | B1: Paste this exact URL in that platform's console | C1: Where to paste it
A2: google | B2: =IF('Start Here'!$C$6="","(enter your app URL on Start Here first)",'Start Here'!$C$6&"/api/oauth/google/callback") -> (enter your app URL on Start Here first) | C2: Google Cloud → Google Auth Platform → Clients → your Web client → Authorized redirect URIs
A3: instagram | B3: =IF('Start Here'!$C$6="","(enter your app URL on Start Here first)",'Start Here'!$C$6&"/api/oauth/instagram/callback") -> (enter your app URL on Start Here first) | C3: Meta app → Instagram → API setup with Instagram login → Business login settings → OAuth redirect URIs
A4: facebook | B4: =IF('Start Here'!$C$6="","(enter your app URL on Start Here first)",'Start Here'!$C$6&"/api/oauth/facebook/callback") -> (enter your app URL on Start Here first) | C4: Meta app → Facebook Login for Business → Settings → Valid OAuth Redirect URIs
A5: threads | B5: =IF('Start Here'!$C$6="","(enter your app URL on Start Here first)",'Start Here'!$C$6&"/api/oauth/threads/callback") -> (enter your app URL on Start Here first) | C5: Meta app → Threads use case → Settings → Redirect Callback URLs
A6: linkedin | B6: =IF('Start Here'!$C$6="","(enter your app URL on Start Here first)",'Start Here'!$C$6&"/api/oauth/linkedin/callback") -> (enter your app URL on Start Here first) | C6: LinkedIn app → Auth → Authorized redirect URLs for your app
A7: pinterest | B7: =IF('Start Here'!$C$6="","(enter your app URL on Start Here first)",'Start Here'!$C$6&"/api/oauth/pinterest/callback") -> (enter your app URL on Start Here first) | C7: Pinterest app → Configure → Redirect URIs
A8: x | B8: =IF('Start Here'!$C$6="","(enter your app URL on Start Here first)",'Start Here'!$C$6&"/api/oauth/x/callback") -> (enter your app URL on Start Here first) | C8: X developer portal → App → User authentication settings → Callback URI
